Workbook

Sheet Fire Accidents
A1: Year | B1: Serial no. in report (year) | C1: Date | D1: Time | E1: Mine | F1: Owner / company | G1: District | H1: State | I1: Persons killed | J1: Victims (name | designation | sex | age) | K1: Height / distance (m) | L1: Size / distance as printed | M1: Material / equipment involved | N1: Working area | O1: Activity at time (keywords) | P1: Fire or flammable gas present beforehand (narrative) | Q1: Regulations cited (numbers) | R1: Regulations cited (rules) | S1: Narrative (what happened) | T1: Preventive analysis ("Had...") | U1: PDF page | V1: Cause group (fire classification) | W1: Cause category in report (code) | X1: Place (classification)
A2: 2018 | B2: 32 | C2: 2018-02-28 | D2: 08:15 | E2: DEMUALGAON OIL MINE | F2: OIL & NATURAL GAS CORPORATION LTD. | G2: Sibsagar | H2: Assam | I2: 1 | J2: Prashant Mohan | Welder | Male | 33 | K2: 13 | L2: thrown from height of about 13 m; three persons on tank | M2: wash tank (effluent treatment plant) | N2: roof top of wash tank, oil mine surface | O2: fixing vent pipe on tank roof | S2: While three contractual persons were engaged in fixing of vent pipe on the roof top of a wash tank at new Effluent Treatment Plant (ETP) of Demalgoan-Lakhmani Production Oil Mine, Assam ONGC, there was a powerful explosion in the tank to which a person got thrown away on ground from a height of about 13 meter sustaining serious bodily injuries to which he succumbed at a hospital and two other persons got stuck to railing of the tank and survived with serious bodily injuries. In view of the above, this accident may be categorized as Mis-Adventure. | U2: 166 | V2: Gas / vapour explosion | W2: 0774 Explosion/Ignition of Gas/Dust etc. | X2: Above Ground
A3: 2019 | B3: 31 | C3: 2019-03-13 | D3: 20:20 | E3: AHMEDABAD WORKOVER OIL MINE | F3: OIL & NATURAL GAS CORPORATION LTD. | G3: Gandhinagar | H3: Gujarat | I3: 6 | J3: S.M. Singh | Cont. Worker | Male | 25; S. Ansari | Cont. Worker | Male | 28; C. Patel | Cont. Worker | Male | 25; L. Thakor | Cont. Worker | Male | 37; R. Mishra | Cont. Worker | Male | 27; S. Das | Cont. Worker | Male | 24 | L3: seven persons present; hydrocarbon gas cloud | M3: hydrocarbon gas cloud; mobile telephone | N3: workover rig site | O3: workover operations (well activation, mud circulation) | P3: Yes | Q3: 62(2)(c); 129(7)(a); 77(d); 133; 96(3) | R3: OMR 2017; MVT Rules 1966 | S3: While a group of seven persons was engaged in workover operations without any statutory supervision in an area which was surcharged with hydrocarbon gas cloud created at the site due to workover operations, when there was a sudden fire because of ignition caused by a mobile telephone operation by one of them, which engulfed the area inflicting severe burn injuries to 06(Six) of them to which one succumbed instantly While remaining 5(five) persons succumed over a period of time in the course of treatment in hospital in the next 20 days. | T3: Had, i) a separator vessel been provided on stream during mud circulation operations as a part of well activation procedures to seprate HC gas and other fluids flowing out as well produce & for safe conduit/handling and disposal of gas after burning in a suitable flare stack, thus effectively preventing the formation of HC gas cloud about the rig and the activation tank, as required by the provisions of Regulation 62(2)(c) and Regulation 129(7)(a) & (b) of the OMR, 2017 read with clause 14.11(f) of the Standing Operation Practices framed for workover operations onshore in January, 2012 by M/s ONGC, ii) the workover operations for well activation been kept suspended in the absence of any direct supervision after the Installation Manager left the premises thus ensuring that well servicing operation in done only under the direct supervision of a competent person authorized for the purpose, as required under the provisions of Regulation 77(d) of the Oil Mines Regulations, 2017 iii) the carrying and use of mobile telephone in workover areas by persons employed been prevented by effective supervision thus not negligently or willfully do anything likely to endanger life or limb in the mine or negligently or willfully omit to do anything necessary for the safety of the mine or of the persons employed therein, as reqruied under provisions of Regulation 133 read with Regulation 96(3) of the Oil Mines Regulations, 2017, and iv) the persons employed in workover operations been provided with Basic Vocational Training on various risks and dangers associated with workover operations, as required under Rule 6 of the Mines Vocational Training Rules, 1966, this accidnet could have been averted. | U3: 208 | V3: Oil well / workover fire | W3: 0775 Outbreak of Fire or Spontaneous Heating | X3: Above Ground
A4: 2020 | B4: 27 | C4: 2020-06-09 | D4: 13:15 | E4: WORK OVER MINE | F4: OIL INDIA LTD. | G4: Tinsukia | H4: Assam | I4: 2 | J4: T. Gohain | Fireman | Male | 54; D. Gogoi | Fireman | Male | 36 | L4: four persons near well plinth | M4: well blowout; water body near pumps | N4: well plinth area (work-over mine) | O4: drenching blowout to cap well; escaping | P4: Yes | Q4: 31(1)(a) | R4: OMR 2017; OISD STD 189 | S4: While four persons were working in the vicinity of well plinth area to drench the blowout for preparation to cap the well, suddenly the blowout caught fire and in the process of escaping from that area two persons were drowned in the water body existing near the pumps and died. | T4: Had, a well-defined on-site emergency plan was developed to deal with any fire clearly stating persons to escape from the site in case of fire, prohibited areas of entry, assembly point were displayed at strategic locations in the installation for understanding of the persons deployed there and the responsibilities of each person were clearly defined, explained and communicated to all concerned in writing and also given safety briefing at the beginning of the shift as required under clause no. 11.1.1, clause 11.1.3 and clause no. 11.1.9 of OISD STD 189 read with Regulations 31(1)(a) of the Oil mines Regulations, 2017, this accident could have been averted. | U4: 250 | V4: Oil well / workover fire | W4: 0776 Well Blowout (With Fire) | X4: Above Ground
A5: 2020 | B5: 26 | C5: 2020-10-03 | D5: 16:45 | E5: ANKLESHWAR PRODUCTION OIL MINE | F5: OIL & NATURAL GAS CORPORATION LTD. | G5: Bharuch | H5: Gujarat | I5: 1 | J5: S. Vaghari | Helper | Male | 30 | K5: 30 | L5: thrown about 30 m; tank under maintenance | M5: oil storage tank; foam pourer pipe line | N5: oil storage tank roof (production oil mine) | O5: gas cutting of foam pourer pipe line | P5: Yes | Q5: 98(5)(t); 98(4); 98(5)(a); 100(5)(a); 109(1); 98(5)(f); 98(1); 133; 33(1) | R5: OMR 2017; OISD STD 105; OISD STD 132 | S5: While a gas cutting operation was being carried out by a welder on a foam pourer pipe line connected to a oil storage tank under maintenance filled with combustible hydrocarbon mixture, the flame travelled through pipeline and ignited hydrocarbon gases mixture inside the oil storage tank and caused explosion, resulting into severe burn injuries to an another workman who was standing over the roof of same tank holding the foam pourer pipe line and with impact of explosion he was thrown in air to a distance of 30m away, received serious bodily injuries to which he succumbed short while later. | T5: Had, (i) the positive isolation of storage tank been carried out using blind plates at storage tank Inlet, and 8 plunger valve meant for purpose of controlling flow of hydrocarbon to manifold been kept closed, thus preventing entry of hydrocarbon gas from system into oil storage tank as required under the provisions of Regulation 98(5)(t) of the Oil Mines Regulations, 2017 read with Oil Industry Safety Directorate (OISD) STD 105; (ii) hydrocarbons entrapped inside the storage tank been safely discharged before carrying out gas cutting operations on foam pipe lines and measurement of hydrocarbon gases to ensure absence of flammable gases inside the tank been ensured before commencing of job of cutting foam pipe line as required under the provisions of Regulation 98(4) & Regulation 98(5)(a) of the Oil Mines Regulations, 2017 read with Oil Industry Safety Directorate (OISD) STD 105 read with clause 14.2.1 of Standard Operating Procedure (SOP) document/Manual dated 24.12.2014; (iii) the vapour seal been provided & kept maintained to prevent entry of hydrocarbon from storage tank to foam pourer line and also the foam pourer line been completely disconnected, positively isolated before carrying out its gas cutting operations as required under the provisions of Regulation 100(5)(a), Regulation 109(1) & Regulation 98(5)(f) of the Oil Mines Regulations, 2017 read with Oil Industr Industry Safety Directorate (OISD) STD 105; (iv) the vents, breather valve, pressure relief safety valve over the oil storage tank and gate valve to oil storage tank been examined, tested and kept maintained to ensure their safe working order as required under the provisions of Regulation 109(1) of the Oil Mines Regulations, 2017 read with 8.1.2 of Oil Industry Safety Directorate (OISD) STD 132; (v) authorized welder been appointed for hot work and persons engaged in gas cutting operations in Zone 1 hazardous area been provided adequate training in safety and been made aware of risks associated with hot work by the person issuing the hot work permit before the commencement of job, thus negligently not endangering their life as required under provisions of Regulation 98(1)&(3) and Regulation 133 of Oil Mines Regulations, 2017 and (vi) Proper supervision been exercised to ensure that hot work of gas cutting been carried out at hazardous area in safe manner by competent person as per laid down procedures as required under provisions of Regulation 33(1) & (3) of Oil Mines Regulations, 2017. this accident could have been averted. | U5: 249 | V5: Gas / vapour explosion | W5: 0774 Explosion/Ignition of Gas/Dust etc. | X5: Above Ground
A6: 2022 | B6: 40 | C6: 2022-10-21 | D6: 18:30 | E6: KRISHNA GODAVARI PRODUCTION MINE | F6: OIL & NATURAL GAS CORPORATION LTD. | G6: East Godavari | H6: Andhra Pradesh | I6: 1 | J6: P.Apparao | Welder | Male | 52 | M6: empty metal drum with inflammable liquid residue | N6: oil mine surface | O6: cutting drum with oxygen-acetylene gas cutter | P6: Yes | Q6: 98(6); 133 | R6: OMR 2017 | S6: While a welder was cutting top portion of an empty metal drum, which was earlier filled with pour point depressant (a highly inflammable liquid) with oxygen-acetylene gas cutter in an oil mine, Suddenly the remnant inflammable liquid (converted into gas) exploded inflicting serious burn injuries to the welder to which he succumbed after five days during shifting from one hospital to another hospital for better treatment". | T6: Had (i)the hot work permit for cutting the empty metal drum been issued as required under Regulation 98(6) of the Oil Mines Regulations,2017; and (ii)the work for which hot permit issued(i.e. cutting of metal strips of 3.5inch tubing bundles)was restricted within itself, thereby negligently of willfully not endangering the safety of person(s) employed therein during cutting of empty metal drum as required under Regulation 133 of the Oil Mines Regulations, 2017; This accident could have been averted. | U6: 344 | V6: Gas / vapour explosion | W6: 0999 Unclassified | X6: Above Ground

Sheet Fire Stats 2016-22
A1: Dust, gas and other combustible material accidents by year and place - Non-coal mines
A2: Source: Statement 3.2, 4.2, 5.2, 6.2, 7.2, 8.2, 9.2 (by place and detailed cause), row 'TOTAL : DUST, GAS & OTHER COMBUSTIBLE MATERIAL'. Years with no row printed are zero. Total rows are formulas. This is the report's own category; it is not the same as the fire register.
A4: Year | B4: Place | C4: Fatal accidents | D4: Persons killed | E4: Seriously injured in fatal accidents | F4: Serious accidents | G4: Seriously injured in serious accidents | H4: Total persons seriously injured
A5: 2016 | B5: Below Ground | C5: 0 | D5: 0 | E5: 0 | F5: 0 | G5: 0 | H5: =E5+G5 -> 0
A6: 2016 | B6: Opencast | C6: 0 | D6: 0 | E6: 0 | F6: 1 | G6: 1 | H6: =E6+G6 -> 1
A7: 2016 | B7: Above Ground | C7: 1 | D7: 1 | E7: 0 | F7: 0 | G7: 0 | H7: =E7+G7 -> 0
A8: 2016 | B8: Total | C8: =SUM(C5:C7) -> 1 | D8: =SUM(D5:D7) -> 1 | E8: =SUM(E5:E7) -> 0 | F8: =SUM(F5:F7) -> 1 | G8: =SUM(G5:G7) -> 1 | H8: =E8+G8 -> 1
A9: 2017 | B9: Below Ground | C9: 0 | D9: 0 | E9: 0 | F9: 0 | G9: 0 | H9: =E9+G9 -> 0
A10: 2017 | B10: Opencast | C10: 0 | D10: 0 | E10: 0 | F10: 0 | G10: 0 | H10: =E10+G10 -> 0
A11: 2017 | B11: Above Ground | C11: 0 | D11: 0 | E11: 0 | F11: 1 | G11: 5 | H11: =E11+G11 -> 5
A12: 2017 | B12: Total | C12: =SUM(C9:C11) -> 0 | D12: =SUM(D9:D11) -> 0 | E12: =SUM(E9:E11) -> 0 | F12: =SUM(F9:F11) -> 1 | G12: =SUM(G9:G11) -> 5 | H12: =E12+G12 -> 5
A13: 2018 | B13: Below Ground | C13: 0 | D13: 0 | E13: 0 | F13: 0 | G13: 0 | H13: =E13+G13 -> 0
A14: 2018 | B14: Opencast | C14: 0 | D14: 0 | E14: 0 | F14: 0 | G14: 0 | H14: =E14+G14 -> 0
A15: 2018 | B15: Above Ground | C15: 1 | D15: 1 | E15: 2 | F15: 0 | G15: 0 | H15: =E15+G15 -> 2
A16: 2018 | B16: Total | C16: =SUM(C13:C15) -> 1 | D16: =SUM(D13:D15) -> 1 | E16: =SUM(E13:E15) -> 2 | F16: =SUM(F13:F15) -> 0 | G16: =SUM(G13:G15) -> 0 | H16: =E16+G16 -> 2
A17: 2019 | B17: Below Ground | C17: 0 | D17: 0 | E17: 0 | F17: 0 | G17: 0 | H17: =E17+G17 -> 0
A18: 2019 | B18: Opencast | C18: 0 | D18: 0 | E18: 0 | F18: 0 | G18: 0 | H18: =E18+G18 -> 0
A19: 2019 | B19: Above Ground | C19: 1 | D19: 6 | E19: 0 | F19: 0 | G19: 0 | H19: =E19+G19 -> 0
A20: 2019 | B20: Total | C20: =SUM(C17:C19) -> 1 | D20: =SUM(D17:D19) -> 6 | E20: =SUM(E17:E19) -> 0 | F20: =SUM(F17:F19) -> 0 | G20: =SUM(G17:G19) -> 0 | H20: =E20+G20 -> 0
A21: 2020 | B21: Below Ground | C21: 0 | D21: 0 | E21: 0 | F21: 0 | G21: 0 | H21: =E21+G21 -> 0
A22: 2020 | B22: Opencast | C22: 0 | D22: 0 | E22: 0 | F22: 0 | G22: 0 | H22: =E22+G22 -> 0
A23: 2020 | B23: Above Ground | C23: 2 | D23: 3 | E23: 0 | F23: 0 | G23: 0 | H23: =E23+G23 -> 0
A24: 2020 | B24: Total | C24: =SUM(C21:C23) -> 2 | D24: =SUM(D21:D23) -> 3 | E24: =SUM(E21:E23) -> 0 | F24: =SUM(F21:F23) -> 0 | G24: =SUM(G21:G23) -> 0 | H24: =E24+G24 -> 0
A25: 2021 | B25: Below Ground | C25: 0 | D25: 0 | E25: 0 | F25: 0 | G25: 0 | H25: =E25+G25 -> 0
A26: 2021 | B26: Opencast | C26: 0 | D26: 0 | E26: 0 | F26: 0 | G26: 0 | H26: =E26+G26 -> 0
A27: 2021 | B27: Above Ground | C27: 0 | D27: 0 | E27: 0 | F27: 0 | G27: 0 | H27: =E27+G27 -> 0
A28: 2021 | B28: Total | C28: =SUM(C25:C27) -> 0 | D28: =SUM(D25:D27) -> 0 | E28: =SUM(E25:E27) -> 0 | F28: =SUM(F25:F27) -> 0 | G28: =SUM(G25:G27) -> 0 | H28: =E28+G28 -> 0
A29: 2022 | B29: Below Ground | C29: 0 | D29: 0 | E29: 0 | F29: 0 | G29: 0 | H29: =E29+G29 -> 0
A30: 2022 | B30: Opencast | C30: 0 | D30: 0 | E30: 0 | F30: 0 | G30: 0 | H30: =E30+G30 -> 0
A31: 2022 | B31: Above Ground | C31: 0 | D31: 0 | E31: 0 | F31: 1 | G31: 1 | H31: =E31+G31 -> 1
A32: 2022 | B32: Total | C32: =SUM(C29:C31) -> 0 | D32: =SUM(D29:D31) -> 0 | E32: =SUM(E29:E31) -> 0 | F32: =SUM(F29:F31) -> 1 | G32: =SUM(G29:G31) -> 1 | H32: =E32+G32 -> 1
A34: All years 2016-2022
A35: 2016-2022 | B35: Below Ground | C35: =SUMIFS(C$5:C$32,$B$5:$B$32,$B35) -> 0 | D35: =SUMIFS(D$5:D$32,$B$5:$B$32,$B35) -> 0 | E35: =SUMIFS(E$5:E$32,$B$5:$B$32,$B35) -> 0 | F35: =SUMIFS(F$5:F$32,$B$5:$B$32,$B35) -> 0 | G35: =SUMIFS(G$5:G$32,$B$5:$B$32,$B35) -> 0 | H35: =E35+G35 -> 0
A36: 2016-2022 | B36: Opencast | C36: =SUMIFS(C$5:C$32,$B$5:$B$32,$B36) -> 0 | D36: =SUMIFS(D$5:D$32,$B$5:$B$32,$B36) -> 0 | E36: =SUMIFS(E$5:E$32,$B$5:$B$32,$B36) -> 0 | F36: =SUMIFS(F$5:F$32,$B$5:$B$32,$B36) -> 1 | G36: =SUMIFS(G$5:G$32,$B$5:$B$32,$B36) -> 1 | H36: =E36+G36 -> 1
A37: 2016-2022 | B37: Above Ground | C37: =SUMIFS(C$5:C$32,$B$5:$B$32,$B37) -> 5 | D37: =SUMIFS(D$5:D$32,$B$5:$B$32,$B37) -> 11 | E37: =SUMIFS(E$5:E$32,$B$5:$B$32,$B37) -> 2 | F37: =SUMIFS(F$5:F$32,$B$5:$B$32,$B37) -> 2 | G37: =SUMIFS(G$5:G$32,$B$5:$B$32,$B37) -> 6 | H37: =E37+G37 -> 8
A38: 2016-2022 | B38: Total | C38: =SUMIFS(C$5:C$32,$B$5:$B$32,$B38) -> 5 | D38: =SUMIFS(D$5:D$32,$B$5:$B$32,$B38) -> 11 | E38: =SUMIFS(E$5:E$32,$B$5:$B$32,$B38) -> 2 | F38: =SUMIFS(F$5:F$32,$B$5:$B$32,$B38) -> 3 | G38: =SUMIFS(G$5:G$32,$B$5:$B$32,$B38) -> 7 | H38: =E38+G38 -> 9

Sheet Fire by Place 2016-22
A1: Fire-related fatal accidents by year and place - Non-coal mines (fire register)
A2: Source: 'Fire Accidents' sheet (5 fatal accidents, counted by formula). Place is classified from the narrative (column X). Total rows are formulas.
A4: Year | B4: Place | C4: Fatal accidents | D4: Persons killed
A5: 2016 | B5: Below Ground | C5: =COUNTIFS('Fire Accidents'!$A$2:$A$6,$A5,'Fire Accidents'!$X$2:$X$6,$B5) -> 0 | D5: =SUMIFS('Fire Accidents'!$I$2:$I$6,'Fire Accidents'!$A$2:$A$6,$A5,'Fire Accidents'!$X$2:$X$6,$B5) -> 0
A6: 2016 | B6: Opencast | C6: =COUNTIFS('Fire Accidents'!$A$2:$A$6,$A6,'Fire Accidents'!$X$2:$X$6,$B6) -> 0 | D6: =SUMIFS('Fire Accidents'!$I$2:$I$6,'Fire Accidents'!$A$2:$A$6,$A6,'Fire Accidents'!$X$2:$X$6,$B6) -> 0
A7: 2016 | B7: Above Ground | C7: =COUNTIFS('Fire Accidents'!$A$2:$A$6,$A7,'Fire Accidents'!$X$2:$X$6,$B7) -> 0 | D7: =SUMIFS('Fire Accidents'!$I$2:$I$6,'Fire Accidents'!$A$2:$A$6,$A7,'Fire Accidents'!$X$2:$X$6,$B7) -> 0
A8: 2016 | B8: Total | C8: =SUM(C5:C7) -> 0 | D8: =SUM(D5:D7) -> 0
A9: 2017 | B9: Below Ground | C9: =COUNTIFS('Fire Accidents'!$A$2:$A$6,$A9,'Fire Accidents'!$X$2:$X$6,$B9) -> 0 | D9: =SUMIFS('Fire Accidents'!$I$2:$I$6,'Fire Accidents'!$A$2:$A$6,$A9,'Fire Accidents'!$X$2:$X$6,$B9) -> 0
A10: 2017 | B10: Opencast | C10: =COUNTIFS('Fire Accidents'!$A$2:$A$6,$A10,'Fire Accidents'!$X$2:$X$6,$B10) -> 0 | D10: =SUMIFS('Fire Accidents'!$I$2:$I$6,'Fire Accidents'!$A$2:$A$6,$A10,'Fire Accidents'!$X$2:$X$6,$B10) -> 0
A11: 2017 | B11: Above Ground | C11: =COUNTIFS('Fire Accidents'!$A$2:$A$6,$A11,'Fire Accidents'!$X$2:$X$6,$B11) -> 0 | D11: =SUMIFS('Fire Accidents'!$I$2:$I$6,'Fire Accidents'!$A$2:$A$6,$A11,'Fire Accidents'!$X$2:$X$6,$B11) -> 0
A12: 2017 | B12: Total | C12: =SUM(C9:C11) -> 0 | D12: =SUM(D9:D11) -> 0
A13: 2018 | B13: Below Ground | C13: =COUNTIFS('Fire Accidents'!$A$2:$A$6,$A13,'Fire Accidents'!$X$2:$X$6,$B13) -> 0 | D13: =SUMIFS('Fire Accidents'!$I$2:$I$6,'Fire Accidents'!$A$2:$A$6,$A13,'Fire Accidents'!$X$2:$X$6,$B13) -> 0
A14: 2018 | B14: Opencast | C14: =COUNTIFS('Fire Accidents'!$A$2:$A$6,$A14,'Fire Accidents'!$X$2:$X$6,$B14) -> 0 | D14: =SUMIFS('Fire Accidents'!$I$2:$I$6,'Fire Accidents'!$A$2:$A$6,$A14,'Fire Accidents'!$X$2:$X$6,$B14) -> 0
A15: 2018 | B15: Above Ground | C15: =COUNTIFS('Fire Accidents'!$A$2:$A$6,$A15,'Fire Accidents'!$X$2:$X$6,$B15) -> 1 | D15: =SUMIFS('Fire Accidents'!$I$2:$I$6,'Fire Accidents'!$A$2:$A$6,$A15,'Fire Accidents'!$X$2:$X$6,$B15) -> 1
A16: 2018 | B16: Total | C16: =SUM(C13:C15) -> 1 | D16: =SUM(D13:D15) -> 1
A17: 2019 | B17: Below Ground | C17: =COUNTIFS('Fire Accidents'!$A$2:$A$6,$A17,'Fire Accidents'!$X$2:$X$6,$B17) -> 0 | D17: =SUMIFS('Fire Accidents'!$I$2:$I$6,'Fire Accidents'!$A$2:$A$6,$A17,'Fire Accidents'!$X$2:$X$6,$B17) -> 0
A18: 2019 | B18: Opencast | C18: =COUNTIFS('Fire Accidents'!$A$2:$A$6,$A18,'Fire Accidents'!$X$2:$X$6,$B18) -> 0 | D18: =SUMIFS('Fire Accidents'!$I$2:$I$6,'Fire Accidents'!$A$2:$A$6,$A18,'Fire Accidents'!$X$2:$X$6,$B18) -> 0
A19: 2019 | B19: Above Ground | C19: =COUNTIFS('Fire Accidents'!$A$2:$A$6,$A19,'Fire Accidents'!$X$2:$X$6,$B19) -> 1 | D19: =SUMIFS('Fire Accidents'!$I$2:$I$6,'Fire Accidents'!$A$2:$A$6,$A19,'Fire Accidents'!$X$2:$X$6,$B19) -> 6
A20: 2019 | B20: Total | C20: =SUM(C17:C19) -> 1 | D20: =SUM(D17:D19) -> 6
A21: 2020 | B21: Below Ground | C21: =COUNTIFS('Fire Accidents'!$A$2:$A$6,$A21,'Fire Accidents'!$X$2:$X$6,$B21) -> 0 | D21: =SUMIFS('Fire Accidents'!$I$2:$I$6,'Fire Accidents'!$A$2:$A$6,$A21,'Fire Accidents'!$X$2:$X$6,$B21) -> 0
A22: 2020 | B22: Opencast | C22: =COUNTIFS('Fire Accidents'!$A$2:$A$6,$A22,'Fire Accidents'!$X$2:$X$6,$B22) -> 0 | D22: =SUMIFS('Fire Accidents'!$I$2:$I$6,'Fire Accidents'!$A$2:$A$6,$A22,'Fire Accidents'!$X$2:$X$6,$B22) -> 0
A23: 2020 | B23: Above Ground | C23: =COUNTIFS('Fire Accidents'!$A$2:$A$6,$A23,'Fire Accidents'!$X$2:$X$6,$B23) -> 2 | D23: =SUMIFS('Fire Accidents'!$I$2:$I$6,'Fire Accidents'!$A$2:$A$6,$A23,'Fire Accidents'!$X$2:$X$6,$B23) -> 3
A24: 2020 | B24: Total | C24: =SUM(C21:C23) -> 2 | D24: =SUM(D21:D23) -> 3
A25: 2021 | B25: Below Ground | C25: =COUNTIFS('Fire Accidents'!$A$2:$A$6,$A25,'Fire Accidents'!$X$2:$X$6,$B25) -> 0 | D25: =SUMIFS('Fire Accidents'!$I$2:$I$6,'Fire Accidents'!$A$2:$A$6,$A25,'Fire Accidents'!$X$2:$X$6,$B25) -> 0
A26: 2021 | B26: Opencast | C26: =COUNTIFS('Fire Accidents'!$A$2:$A$6,$A26,'Fire Accidents'!$X$2:$X$6,$B26) -> 0 | D26: =SUMIFS('Fire Accidents'!$I$2:$I$6,'Fire Accidents'!$A$2:$A$6,$A26,'Fire Accidents'!$X$2:$X$6,$B26) -> 0
A27: 2021 | B27: Above Ground | C27: =COUNTIFS('Fire Accidents'!$A$2:$A$6,$A27,'Fire Accidents'!$X$2:$X$6,$B27) -> 0 | D27: =SUMIFS('Fire Accidents'!$I$2:$I$6,'Fire Accidents'!$A$2:$A$6,$A27,'Fire Accidents'!$X$2:$X$6,$B27) -> 0
A28: 2021 | B28: Total | C28: =SUM(C25:C27) -> 0 | D28: =SUM(D25:D27) -> 0
A29: 2022 | B29: Below Ground | C29: =COUNTIFS('Fire Accidents'!$A$2:$A$6,$A29,'Fire Accidents'!$X$2:$X$6,$B29) -> 0 | D29: =SUMIFS('Fire Accidents'!$I$2:$I$6,'Fire Accidents'!$A$2:$A$6,$A29,'Fire Accidents'!$X$2:$X$6,$B29) -> 0
A30: 2022 | B30: Opencast | C30: =COUNTIFS('Fire Accidents'!$A$2:$A$6,$A30,'Fire Accidents'!$X$2:$X$6,$B30) -> 0 | D30: =SUMIFS('Fire Accidents'!$I$2:$I$6,'Fire Accidents'!$A$2:$A$6,$A30,'Fire Accidents'!$X$2:$X$6,$B30) -> 0
A31: 2022 | B31: Above Ground | C31: =COUNTIFS('Fire Accidents'!$A$2:$A$6,$A31,'Fire Accidents'!$X$2:$X$6,$B31) -> 1 | D31: =SUMIFS('Fire Accidents'!$I$2:$I$6,'Fire Accidents'!$A$2:$A$6,$A31,'Fire Accidents'!$X$2:$X$6,$B31) -> 1
A32: 2022 | B32: Total | C32: =SUM(C29:C31) -> 1 | D32: =SUM(D29:D31) -> 1
A34: All years 2016-2022
A35: 2016-2022 | B35: Below Ground | C35: =SUMIFS(C$5:C$32,$B$5:$B$32,$B35) -> 0 | D35: =SUMIFS(D$5:D$32,$B$5:$B$32,$B35) -> 0
A36: 2016-2022 | B36: Opencast | C36: =SUMIFS(C$5:C$32,$B$5:$B$32,$B36) -> 0 | D36: =SUMIFS(D$5:D$32,$B$5:$B$32,$B36) -> 0
A37: 2016-2022 | B37: Above Ground | C37: =SUMIFS(C$5:C$32,$B$5:$B$32,$B37) -> 5 | D37: =SUMIFS(D$5:D$32,$B$5:$B$32,$B37) -> 11
A38: 2016-2022 | B38: Total | C38: =SUMIFS(C$5:C$32,$B$5:$B$32,$B38) -> 5 | D38: =SUMIFS(D$5:D$32,$B$5:$B$32,$B38) -> 11

Sheet Fire by Mineral
A1: Dust, gas and other combustible material accidents by mineral (non-coal)
A2: Source: mineral rows listed under the dust/gas/combustible totals in the by-place-and-cause statement of each year (Statement X.2). All places combined. Total row is a formula.
A4: Year | B4: Mineral (as printed) | C4: Fatal accidents | D4: Persons killed | E4: Seriously injured in fatal accidents | F4: Serious accidents | G4: Seriously injured in serious accidents | H4: Total persons seriously injured
A5: 2016 | B5: Oil | C5: 1 | D5: 1 | E5: 0 | F5: 0 | G5: 0 | H5: =E5+G5 -> 0
A6: 2016 | B6: Granite | C6: 0 | D6: 0 | E6: 0 | F6: 1 | G6: 1 | H6: =E6+G6 -> 1
A7: 2017 | B7: Oil | C7: 0 | D7: 0 | E7: 0 | F7: 1 | G7: 5 | H7: =E7+G7 -> 5
A8: 2018 | B8: Oil | C8: 1 | D8: 1 | E8: 2 | F8: 0 | G8: 0 | H8: =E8+G8 -> 2
A9: 2019 | B9: Oil | C9: 1 | D9: 6 | E9: 0 | F9: 0 | G9: 0 | H9: =E9+G9 -> 0
A10: 2020 | B10: Oil | C10: 2 | D10: 3 | E10: 0 | F10: 0 | G10: 0 | H10: =E10+G10 -> 0
A11: 2021 | B11: (no accident reported) | C11: 0 | D11: 0 | E11: 0 | F11: 0 | G11: 0 | H11: =E11+G11 -> 0
A12: 2022 | B12: Gold | C12: 0 | D12: 0 | E12: 0 | F12: 1 | G12: 1 | H12: =E12+G12 -> 1
A13: 2016-2022 | B13: All minerals | C13: =SUM(C5:C12) -> 5 | D13: =SUM(D5:D12) -> 11 | E13: =SUM(E5:E12) -> 2 | F13: =SUM(F5:F12) -> 3 | G13: =SUM(G5:G12) -> 7 | H13: =SUM(H5:H12) -> 9

Sheet Fire by Company
A1: Fire-related fatal accidents by company - Non-coal mines
A2: Source: 'Fire Accidents' sheet, counted by formula. All years combined below the year rows.
A4: Year | B4: Company (as printed) | C4: Fatal accidents | D4: Persons killed
A5: 2018 | B5: OIL & NATURAL GAS CORPORATION LTD. | C5: =COUNTIFS('Fire Accidents'!$A$2:$A$6,$A5,'Fire Accidents'!$F$2:$F$6,$B5) -> 1 | D5: =SUMIFS('Fire Accidents'!$I$2:$I$6,'Fire Accidents'!$A$2:$A$6,$A5,'Fire Accidents'!$F$2:$F$6,$B5) -> 1
A6: 2019 | B6: OIL & NATURAL GAS CORPORATION LTD. | C6: =COUNTIFS('Fire Accidents'!$A$2:$A$6,$A6,'Fire Accidents'!$F$2:$F$6,$B6) -> 1 | D6: =SUMIFS('Fire Accidents'!$I$2:$I$6,'Fire Accidents'!$A$2:$A$6,$A6,'Fire Accidents'!$F$2:$F$6,$B6) -> 6
A7: 2020 | B7: OIL & NATURAL GAS CORPORATION LTD. | C7: =COUNTIFS('Fire Accidents'!$A$2:$A$6,$A7,'Fire Accidents'!$F$2:$F$6,$B7) -> 1 | D7: =SUMIFS('Fire Accidents'!$I$2:$I$6,'Fire Accidents'!$A$2:$A$6,$A7,'Fire Accidents'!$F$2:$F$6,$B7) -> 1
A8: 2020 | B8: OIL INDIA LTD. | C8: =COUNTIFS('Fire Accidents'!$A$2:$A$6,$A8,'Fire Accidents'!$F$2:$F$6,$B8) -> 1 | D8: =SUMIFS('Fire Accidents'!$I$2:$I$6,'Fire Accidents'!$A$2:$A$6,$A8,'Fire Accidents'!$F$2:$F$6,$B8) -> 2
A9: 2022 | B9: OIL & NATURAL GAS CORPORATION LTD. | C9: =COUNTIFS('Fire Accidents'!$A$2:$A$6,$A9,'Fire Accidents'!$F$2:$F$6,$B9) -> 1 | D9: =SUMIFS('Fire Accidents'!$I$2:$I$6,'Fire Accidents'!$A$2:$A$6,$A9,'Fire Accidents'!$F$2:$F$6,$B9) -> 1
A10: 2016-2022 | B10: All | C10: =SUM(C5:C9) -> 5 | D10: =SUM(D5:D9) -> 11
A12: All years by company (as printed)
A13: 2016-2022 | B13: OIL & NATURAL GAS CORPORATION LTD. | C13: =COUNTIFS('Fire Accidents'!$F$2:$F$6,$B13) -> 4 | D13: =SUMIFS('Fire Accidents'!$I$2:$I$6,'Fire Accidents'!$F$2:$F$6,$B13) -> 9
A14: 2016-2022 | B14: OIL INDIA LTD. | C14: =COUNTIFS('Fire Accidents'!$F$2:$F$6,$B14) -> 1 | D14: =SUMIFS('Fire Accidents'!$I$2:$I$6,'Fire Accidents'!$F$2:$F$6,$B14) -> 2
A15: 2016-2022 | B15: Total | C15: =SUM(C13:C14) -> 5 | D15: =SUM(D13:D14) -> 11

Sheet Fire by Cause Group
A1: Fire-related fatal accidents by cause group - Non-coal mines
A2: Source: 'Fire Accidents' sheet, counted by formula. All years combined below the year rows.
A4: Year | B4: Cause group | C4: Fatal accidents | D4: Persons killed
A5: 2018 | B5: Gas / vapour explosion | C5: =COUNTIFS('Fire Accidents'!$A$2:$A$6,$A5,'Fire Accidents'!$V$2:$V$6,$B5) -> 1 | D5: =SUMIFS('Fire Accidents'!$I$2:$I$6,'Fire Accidents'!$A$2:$A$6,$A5,'Fire Accidents'!$V$2:$V$6,$B5) -> 1
A6: 2019 | B6: Oil well / workover fire | C6: =COUNTIFS('Fire Accidents'!$A$2:$A$6,$A6,'Fire Accidents'!$V$2:$V$6,$B6) -> 1 | D6: =SUMIFS('Fire Accidents'!$I$2:$I$6,'Fire Accidents'!$A$2:$A$6,$A6,'Fire Accidents'!$V$2:$V$6,$B6) -> 6
A7: 2020 | B7: Gas / vapour explosion | C7: =COUNTIFS('Fire Accidents'!$A$2:$A$6,$A7,'Fire Accidents'!$V$2:$V$6,$B7) -> 1 | D7: =SUMIFS('Fire Accidents'!$I$2:$I$6,'Fire Accidents'!$A$2:$A$6,$A7,'Fire Accidents'!$V$2:$V$6,$B7) -> 1
A8: 2020 | B8: Oil well / workover fire | C8: =COUNTIFS('Fire Accidents'!$A$2:$A$6,$A8,'Fire Accidents'!$V$2:$V$6,$B8) -> 1 | D8: =SUMIFS('Fire Accidents'!$I$2:$I$6,'Fire Accidents'!$A$2:$A$6,$A8,'Fire Accidents'!$V$2:$V$6,$B8) -> 2
A9: 2022 | B9: Gas / vapour explosion | C9: =COUNTIFS('Fire Accidents'!$A$2:$A$6,$A9,'Fire Accidents'!$V$2:$V$6,$B9) -> 1 | D9: =SUMIFS('Fire Accidents'!$I$2:$I$6,'Fire Accidents'!$A$2:$A$6,$A9,'Fire Accidents'!$V$2:$V$6,$B9) -> 1
A10: 2016-2022 | B10: All | C10: =SUM(C5:C9) -> 5 | D10: =SUM(D5:D9) -> 11
A12: All years by cause group
A13: 2016-2022 | B13: Gas / vapour explosion | C13: =COUNTIFS('Fire Accidents'!$V$2:$V$6,$B13) -> 3 | D13: =SUMIFS('Fire Accidents'!$I$2:$I$6,'Fire Accidents'!$V$2:$V$6,$B13) -> 3
A14: 2016-2022 | B14: Oil well / workover fire | C14: =COUNTIFS('Fire Accidents'!$V$2:$V$6,$B14) -> 2 | D14: =SUMIFS('Fire Accidents'!$I$2:$I$6,'Fire Accidents'!$V$2:$V$6,$B14) -> 8
A15: 2016-2022 | B15: Total | C15: =SUM(C13:C14) -> 5 | D15: =SUM(D13:D14) -> 11

Sheet Fire Occurrences 2013-22
A1: Fire-related dangerous occurrences by year - Non-coal mines
A2: Source: Table 2.6 (cause wise trend in dangerous occurrences). Fire-related total and share are formulas. Ignition of inflammable gas is shown but not included in the fire-related total.
A4: Year | B4: Outbreak of fire underground | C4: Outbreak of fire on surface | D4: Fire-related total | E4: Ignition of inflammable gas (not in total) | F4: All dangerous occurrences | G4: Fire share of all occurrences
A5: 2013 | B5: 0 | C5: 0 | D5: =B5+C5 -> 0 | E5: 0 | F5: 2 | G5: =IF(F5=0,0,D5/F5) -> 0
A6: 2014 | B6: 1 | C6: 4 | D6: =B6+C6 -> 5 | E6: 0 | F6: 6 | G6: =IF(F6=0,0,D6/F6) -> 0.83333333
A7: 2015 | B7: 1 | C7: 0 | D7: =B7+C7 -> 1 | E7: 0 | F7: 9 | G7: =IF(F7=0,0,D7/F7) -> 0.11111111
A8: 2016 | B8: 0 | C8: 3 | D8: =B8+C8 -> 3 | E8: 0 | F8: 7 | G8: =IF(F8=0,0,D8/F8) -> 0.42857143
A9: 2017 | B9: 0 | C9: 0 | D9: =B9+C9 -> 0 | E9: 0 | F9: 1 | G9: =IF(F9=0,0,D9/F9) -> 0
A10: 2018 | B10: 0 | C10: 0 | D10: =B10+C10 -> 0 | E10: 0 | F10: 4 | G10: =IF(F10=0,0,D10/F10) -> 0
A11: 2019 | B11: 0 | C11: 1 | D11: =B11+C11 -> 1 | E11: 1 | F11: 3 | G11: =IF(F11=0,0,D11/F11) -> 0.33333333
A12: 2020 | B12: 1 | C12: 0 | D12: =B12+C12 -> 1 | E12: 0 | F12: 3 | G12: =IF(F12=0,0,D12/F12) -> 0.33333333
A13: 2021 | B13: 0 | C13: 0 | D13: =B13+C13 -> 0 | E13: 0 | F13: 0 | G13: =IF(F13=0,0,D13/F13) -> 0
A14: 2022 | B14: 0 | C14: 0 | D14: =B14+C14 -> 0 | E14: 0 | F14: 3 | G14: =IF(F14=0,0,D14/F14) -> 0
A15: 2013-2022 | B15: =SUM(B5:B14) -> 3 | C15: =SUM(C5:C14) -> 8 | D15: =SUM(D5:D14) -> 11 | E15: =SUM(E5:E14) -> 1 | F15: =SUM(F5:F14) -> 38 | G15: =IF(F15=0,0,D15/F15) -> 0.28947368

Sheet Fire vs All 2013-22
A1: Dust, gas and other combustible material compared with all accidents, 2013-2022 - Non-coal mines
A2: Sources: Table 2.1 (all fatal) and Table 2.2 (all serious) as in the supplied roof fall workbook; Table 2.9 (dust/gas fatal) and Table 2.10 (dust/gas serious). 'Seriously injured' counts persons injured in both fatal and serious accidents.
A4: Year | B4: All causes: fatal accidents | C4: All causes: persons killed | D4: All causes: serious accidents | E4: All causes: persons seriously injured | F4: Dust/gas/combustible: fatal accidents | G4: Dust/gas/combustible: persons killed | H4: Dust/gas/combustible: serious accidents | I4: Dust/gas/combustible: persons seriously injured | J4: Share of fatal accidents | K4: Share of persons killed | L4: Share of serious accidents | M4: Share of persons seriously injured
A5: 2013 | B5: 58 | C5: 74 | D5: 52 | E5: 68 | F5: 3 | G5: 4 | H5: 0 | I5: 2 | J5: =IF(B5=0,0,F5/B5) -> 0.051724138 | K5: =IF(C5=0,0,G5/C5) -> 0.054054054 | L5: =IF(D5=0,0,H5/D5) -> 0 | M5: =IF(E5=0,0,I5/E5) -> 0.029411765
A6: 2014 | B6: 39 | C6: 45 | D6: 44 | E6: 60 | F6: 0 | G6: 0 | H6: 2 | I6: 4 | J6: =IF(B6=0,0,F6/B6) -> 0 | K6: =IF(C6=0,0,G6/C6) -> 0 | L6: =IF(D6=0,0,H6/D6) -> 0.045454545 | M6: =IF(E6=0,0,I6/E6) -> 0.066666667
A7: 2015 | B7: 45 | C7: 48 | D7: 35 | E7: 51 | F7: 1 | G7: 2 | H7: 1 | I7: 12 | J7: =IF(B7=0,0,F7/B7) -> 0.022222222 | K7: =IF(C7=0,0,G7/C7) -> 0.041666667 | L7: =IF(D7=0,0,H7/D7) -> 0.028571429 | M7: =IF(E7=0,0,I7/E7) -> 0.23529412
A8: 2016 | B8: 39 | C8: 50 | D8: 37 | E8: 48 | F8: 1 | G8: 1 | H8: 1 | I8: 1 | J8: =IF(B8=0,0,F8/B8) -> 0.025641026 | K8: =IF(C8=0,0,G8/C8) -> 0.02 | L8: =IF(D8=0,0,H8/D8) -> 0.027027027 | M8: =IF(E8=0,0,I8/E8) -> 0.020833333
A9: 2017 | B9: 42 | C9: 63 | D9: 22 | E9: 39 | F9: 0 | G9: 0 | H9: 1 | I9: 5 | J9: =IF(B9=0,0,F9/B9) -> 0 | K9: =IF(C9=0,0,G9/C9) -> 0 | L9: =IF(D9=0,0,H9/D9) -> 0.045454545 | M9: =IF(E9=0,0,I9/E9) -> 0.12820513
A10: 2018 | B10: 45 | C10: 51 | D10: 26 | E10: 38 | F10: 1 | G10: 1 | H10: 0 | I10: 2 | J10: =IF(B10=0,0,F10/B10) -> 0.022222222 | K10: =IF(C10=0,0,G10/C10) -> 0.019607843 | L10: =IF(D10=0,0,H10/D10) -> 0 | M10: =IF(E10=0,0,I10/E10) -> 0.052631579
A11: 2019 | B11: 45 | C11: 54 | D11: 58 | E11: 70 | F11: 1 | G11: 6 | H11: 0 | I11: 0 | J11: =IF(B11=0,0,F11/B11) -> 0.022222222 | K11: =IF(C11=0,0,G11/C11) -> 0.11111111 | L11: =IF(D11=0,0,H11/D11) -> 0 | M11: =IF(E11=0,0,I11/E11) -> 0
A12: 2020 | B12: 40 | C12: 50 | D12: 24 | E12: 33 | F12: 2 | G12: 3 | H12: 0 | I12: 0 | J12: =IF(B12=0,0,F12/B12) -> 0.05 | K12: =IF(C12=0,0,G12/C12) -> 0.06 | L12: =IF(D12=0,0,H12/D12) -> 0 | M12: =IF(E12=0,0,I12/E12) -> 0
A13: 2021 | B13: 33 | C13: 50 | D13: 45 | E13: 52 | F13: 0 | G13: 0 | H13: 0 | I13: 0 | J13: =IF(B13=0,0,F13/B13) -> 0 | K13: =IF(C13=0,0,G13/C13) -> 0 | L13: =IF(D13=0,0,H13/D13) -> 0 | M13: =IF(E13=0,0,I13/E13) -> 0
A14: 2022 | B14: 40 | C14: 54 | D14: 48 | E14: 65 | F14: 0 | G14: 0 | H14: 1 | I14: 1 | J14: =IF(B14=0,0,F14/B14) -> 0 | K14: =IF(C14=0,0,G14/C14) -> 0 | L14: =IF(D14=0,0,H14/D14) -> 0.020833333 | M14: =IF(E14=0,0,I14/E14) -> 0.015384615
A15: 2013-2022 | B15: =SUM(B5:B14) -> 426 | C15: =SUM(C5:C14) -> 539 | D15: =SUM(D5:D14) -> 391 | E15: =SUM(E5:E14) -> 524 | F15: =SUM(F5:F14) -> 9 | G15: =SUM(G5:G14) -> 17 | H15: =SUM(H5:H14) -> 6 | I15: =SUM(I5:I14) -> 27 | J15: =IF(B15=0,0,F15/B15) -> 0.021126761 | K15: =IF(C15=0,0,G15/C15) -> 0.031539889 | L15: =IF(D15=0,0,H15/D15) -> 0.015345269 | M15: =IF(E15=0,0,I15/E15) -> 0.051526718

Sheet All Accidents 2016-22
A1: All accidents (all causes) by year and place - Non-coal mines
A2: Source: row 'ALL INDIA' of the by-place-and-cause statement of each year (values as in the supplied roof fall workbook). Total rows are formulas.
A4: Year | B4: Place | C4: Fatal accidents | D4: Persons killed | E4: Seriously injured in fatal accidents | F4: Serious accidents | G4: Seriously injured in serious accidents | H4: Total persons seriously injured
A5: 2016 | B5: Below Ground | C5: 1 | D5: 3 | E5: 0 | F5: 7 | G5: 7 | H5: =E5+G5 -> 7
A6: 2016 | B6: Opencast | C6: 26 | D6: 35 | E6: 9 | F6: 10 | G6: 10 | H6: =E6+G6 -> 19
A7: 2016 | B7: Above Ground | C7: 12 | D7: 12 | E7: 1 | F7: 20 | G7: 21 | H7: =E7+G7 -> 22
A8: 2016 | B8: Total | C8: =SUM(C5:C7) -> 39 | D8: =SUM(D5:D7) -> 50 | E8: =SUM(E5:E7) -> 10 | F8: =SUM(F5:F7) -> 37 | G8: =SUM(G5:G7) -> 38 | H8: =E8+G8 -> 48
A9: 2017 | B9: Below Ground | C9: 3 | D9: 3 | E9: 2 | F9: 5 | G9: 5 | H9: =E9+G9 -> 7
A10: 2017 | B10: Opencast | C10: 34 | D10: 52 | E10: 6 | F10: 2 | G10: 2 | H10: =E10+G10 -> 8
A11: 2017 | B11: Above Ground | C11: 5 | D11: 8 | E11: 3 | F11: 15 | G11: 21 | H11: =E11+G11 -> 24
A12: 2017 | B12: Total | C12: =SUM(C9:C11) -> 42 | D12: =SUM(D9:D11) -> 63 | E12: =SUM(E9:E11) -> 11 | F12: =SUM(F9:F11) -> 22 | G12: =SUM(G9:G11) -> 28 | H12: =E12+G12 -> 39
A13: 2018 | B13: Below Ground | C13: 5 | D13: 6 | E13: 1 | F13: 6 | G13: 6 | H13: =E13+G13 -> 7
A14: 2018 | B14: Opencast | C14: 35 | D14: 40 | E14: 7 | F14: 7 | G14: 7 | H14: =E14+G14 -> 14
A15: 2018 | B15: Above Ground | C15: 5 | D15: 5 | E15: 4 | F15: 13 | G15: 13 | H15: =E15+G15 -> 17
A16: 2018 | B16: Total | C16: =SUM(C13:C15) -> 45 | D16: =SUM(D13:D15) -> 51 | E16: =SUM(E13:E15) -> 12 | F16: =SUM(F13:F15) -> 26 | G16: =SUM(G13:G15) -> 26 | H16: =E16+G16 -> 38
A17: 2019 | B17: Below Ground | C17: 8 | D17: 8 | E17: 1 | F17: 17 | G17: 18 | H17: =E17+G17 -> 19
A18: 2019 | B18: Opencast | C18: 29 | D18: 33 | E18: 8 | F18: 5 | G18: 5 | H18: =E18+G18 -> 13
A19: 2019 | B19: Above Ground | C19: 8 | D19: 13 | E19: 1 | F19: 36 | G19: 37 | H19: =E19+G19 -> 38
A20: 2019 | B20: Total | C20: =SUM(C17:C19) -> 45 | D20: =SUM(D17:D19) -> 54 | E20: =SUM(E17:E19) -> 10 | F20: =SUM(F17:F19) -> 58 | G20: =SUM(G17:G19) -> 60 | H20: =E20+G20 -> 70
A21: 2020 | B21: Below Ground | C21: 2 | D21: 3 | E21: 1 | F21: 4 | G21: 5 | H21: =E21+G21 -> 6
A22: 2020 | B22: Opencast | C22: 26 | D22: 34 | E22: 6 | F22: 6 | G22: 6 | H22: =E22+G22 -> 12
A23: 2020 | B23: Above Ground | C23: 12 | D23: 13 | E23: 1 | F23: 14 | G23: 14 | H23: =E23+G23 -> 15
A24: 2020 | B24: Total | C24: =SUM(C21:C23) -> 40 | D24: =SUM(D21:D23) -> 50 | E24: =SUM(E21:E23) -> 8 | F24: =SUM(F21:F23) -> 24 | G24: =SUM(G21:G23) -> 25 | H24: =E24+G24 -> 33
A25: 2021 | B25: Below Ground | C25: 4 | D25: 5 | E25: 0 | F25: 11 | G25: 11 | H25: =E25+G25 -> 11
A26: 2021 | B26: Opencast | C26: 17 | D26: 24 | E26: 5 | F26: 6 | G26: 6 | H26: =E26+G26 -> 11
A27: 2021 | B27: Above Ground | C27: 12 | D27: 21 | E27: 1 | F27: 28 | G27: 29 | H27: =E27+G27 -> 30
A28: 2021 | B28: Total | C28: =SUM(C25:C27) -> 33 | D28: =SUM(D25:D27) -> 50 | E28: =SUM(E25:E27) -> 6 | F28: =SUM(F25:F27) -> 45 | G28: =SUM(G25:G27) -> 46 | H28: =E28+G28 -> 52
A29: 2022 | B29: Below Ground | C29: 8 | D29: 8 | E29: 3 | F29: 13 | G29: 13 | H29: =E29+G29 -> 16
A30: 2022 | B30: Opencast | C30: 28 | D30: 42 | E30: 10 | F30: 6 | G30: 6 | H30: =E30+G30 -> 16
A31: 2022 | B31: Above Ground | C31: 4 | D31: 4 | E31: 0 | F31: 29 | G31: 33 | H31: =E31+G31 -> 33
A32: 2022 | B32: Total | C32: =SUM(C29:C31) -> 40 | D32: =SUM(D29:D31) -> 54 | E32: =SUM(E29:E31) -> 13 | F32: =SUM(F29:F31) -> 48 | G32: =SUM(G29:G31) -> 52 | H32: =E32+G32 -> 65
A34: All years 2016-2022
A35: 2016-2022 | B35: Below Ground | C35: =SUMIFS(C$5:C$32,$B$5:$B$32,$B35) -> 31 | D35: =SUMIFS(D$5:D$32,$B$5:$B$32,$B35) -> 36 | E35: =SUMIFS(E$5:E$32,$B$5:$B$32,$B35) -> 8 | F35: =SUMIFS(F$5:F$32,$B$5:$B$32,$B35) -> 63 | G35: =SUMIFS(G$5:G$32,$B$5:$B$32,$B35) -> 65 | H35: =E35+G35 -> 73
A36: 2016-2022 | B36: Opencast | C36: =SUMIFS(C$5:C$32,$B$5:$B$32,$B36) -> 195 | D36: =SUMIFS(D$5:D$32,$B$5:$B$32,$B36) -> 260 | E36: =SUMIFS(E$5:E$32,$B$5:$B$32,$B36) -> 51 | F36: =SUMIFS(F$5:F$32,$B$5:$B$32,$B36) -> 42 | G36: =SUMIFS(G$5:G$32,$B$5:$B$32,$B36) -> 42 | H36: =E36+G36 -> 93
A37: 2016-2022 | B37: Above Ground | C37: =SUMIFS(C$5:C$32,$B$5:$B$32,$B37) -> 58 | D37: =SUMIFS(D$5:D$32,$B$5:$B$32,$B37) -> 76 | E37: =SUMIFS(E$5:E$32,$B$5:$B$32,$B37) -> 11 | F37: =SUMIFS(F$5:F$32,$B$5:$B$32,$B37) -> 155 | G37: =SUMIFS(G$5:G$32,$B$5:$B$32,$B37) -> 168 | H37: =E37+G37 -> 179
A38: 2016-2022 | B38: Total | C38: =SUMIFS(C$5:C$32,$B$5:$B$32,$B38) -> 284 | D38: =SUMIFS(D$5:D$32,$B$5:$B$32,$B38) -> 372 | E38: =SUMIFS(E$5:E$32,$B$5:$B$32,$B38) -> 70 | F38: =SUMIFS(F$5:F$32,$B$5:$B$32,$B38) -> 260 | G38: =SUMIFS(G$5:G$32,$B$5:$B$32,$B38) -> 275 | H38: =E38+G38 -> 345

Sheet Notes
A1: Fire accidents - Non-coal mines, 2016-2022
A2: Source: DGMS 'SANKET' non-coal mine accident report (SANKET-NonCoal.pdf); data years 2016-2022 (decade tables cover 2013-2022).
A4: Sheets
A5: Fire Accidents: 5 fatal accidents involving fire, burns or explosion, one row each, with the report's narrative and 'Had...' preventive analysis. All five are in oil mines.
A6: Fire Stats 2016-22: the report's own category 'Dust, Gas & Other Combustible Material' by year and place (as printed).
A7: Fire by Place 2016-22, Fire by Company, Fire by Cause Group: counts from the Fire Accidents sheet, by formula.
A8: Fire by Mineral: the report's dust/gas/combustible category by mineral (as printed).
A9: Fire Occurrences 2013-22: fire-related dangerous occurrences by year (Table 2.6), with fire share of all occurrences (formulas).
A10: Fire vs All 2013-22: the report's dust/gas/combustible category next to all-cause totals, with percentage shares (formulas).
A11: All Accidents 2016-22: all-cause fatal / serious accident totals by year and place.
A13: How fire is defined here
A14: DGMS has no separate fire category. The fire register is my selection of every fatal-accident narrative, 2016-22, that involves fire, burns or an explosion of gas or flammable material. It sits under several report codes (see 'Cause category in report (code)').
... A32: Reconciliation checks (formulas)
B33: Value | C33: Expected
A34: Register: fatal accidents (rows) | B34: =COUNTA('Fire Accidents'!A2:A6) -> 5 | C34: 5
A35: Register: persons killed | B35: =SUM('Fire Accidents'!I2:I6) -> 11 | C35: 11
A36: Fire by Place total fatal accidents equals register | B36: ='Fire by Place 2016-22'!C38 -> 5 | C36: 5
A37: Fire by Place total persons killed equals register | B37: ='Fire by Place 2016-22'!D38 -> 11 | C37: 11
A38: Dust/gas/combustible 2016-22 fatal accidents (1+0+1+1+2+0+0) | B38: ='Fire Stats 2016-22'!C38 -> 5 | C38: 5
A39: Dust/gas/combustible 2016-22 persons killed (1+0+1+6+3) | B39: ='Fire Stats 2016-22'!D38 -> 11 | C39: 11
A40: By-mineral fatal accidents equal Fire Stats | B40: ='Fire by Mineral'!C13 -> 5 | C40: 5
A41: Fire occurrences 2013-22 fire-related total | B41: ='Fire Occurrences 2013-22'!D15 -> 11 | C41: 11
A42: All Accidents 2016-22 fatal accidents equal 39+42+45+45+40+33+40 | B42: ='All Accidents 2016-22'!C38 -> 284 | C42: 284
A43: All Accidents 2016-22 persons killed equal 50+63+51+54+50+50+54 | B43: ='All Accidents 2016-22'!D38 -> 372 | C43: 372
